<?xml version="1.0" encoding="UTF-8"?>
<checkstyle version="6.18">
<file name="/root/git/restaurant-chain/table-booking/src/main/java/org/table/booking/App.java">
<error line="0" severity="error" message="Missing package-info.java file." source="com.puppycrawl.tools.checkstyle.checks.javadoc.JavadocPackageCheck"/>
<error line="6" severity="error" message="First sentence should end with a period." source="com.puppycrawl.tools.checkstyle.checks.javadoc.JavadocStyleCheck"/>
<error line="19" column="1" severity="error" message="Utility classes should not have a public or default constructor." source="com.puppycrawl.tools.checkstyle.checks.design.HideUtilityClassConstructorCheck"/>
</file>
<file name="/root/git/restaurant-chain/table-booking/src/main/java/org/table/booking/exceptions/WrongMenuException.java">
<error line="0" severity="error" message="Missing package-info.java file." source="com.puppycrawl.tools.checkstyle.checks.javadoc.JavadocPackageCheck"/>
<error line="3" severity="error" message="First sentence should end with a period." source="com.puppycrawl.tools.checkstyle.checks.javadoc.JavadocStyleCheck"/>
</file>
<file name="/root/git/restaurant-chain/table-booking/src/main/java/org/table/booking/domain/Table.java">
<error line="0" severity="error" message="Missing package-info.java file." source="com.puppycrawl.tools.checkstyle.checks.javadoc.JavadocPackageCheck"/>
<error line="3" severity="error" message="First sentence should end with a period." source="com.puppycrawl.tools.checkstyle.checks.javadoc.JavadocStyleCheck"/>
<error line="18" column="5" severity="error" message="Missing a Javadoc comment." source="com.puppycrawl.tools.checkstyle.checks.javadoc.JavadocVariableCheck"/>
<error line="18" column="20" severity="error" message="Name &apos;_ID&apos; must match pattern &apos;^[a-z][a-zA-Z0-9]*$&apos;." source="com.puppycrawl.tools.checkstyle.checks.naming.MemberNameCheck"/>
<error line="19" column="5" severity="error" message="Missing a Javadoc comment." source="com.puppycrawl.tools.checkstyle.checks.javadoc.JavadocVariableCheck"/>
<error line="19" column="17" severity="error" message="Name &apos;_maxdiners&apos; must match pattern &apos;^[a-z][a-zA-Z0-9]*$&apos;." source="com.puppycrawl.tools.checkstyle.checks.naming.MemberNameCheck"/>
<error line="20" column="5" severity="error" message="Missing a Javadoc comment." source="com.puppycrawl.tools.checkstyle.checks.javadoc.JavadocVariableCheck"/>
<error line="20" column="20" severity="error" message="Name &apos;_state&apos; must match pattern &apos;^[a-z][a-zA-Z0-9]*$&apos;." source="com.puppycrawl.tools.checkstyle.checks.naming.MemberNameCheck"/>
<error line="21" column="5" severity="error" message="Missing a Javadoc comment." source="com.puppycrawl.tools.checkstyle.checks.javadoc.JavadocVariableCheck"/>
<error line="21" column="22" severity="error" message="Name &apos;_tableDAO&apos; must match pattern &apos;^[a-z][a-zA-Z0-9]*$&apos;." source="com.puppycrawl.tools.checkstyle.checks.naming.MemberNameCheck"/>
<error line="33" column="31" severity="error" message="Expected @param tag for &apos;i&apos;." source="com.puppycrawl.tools.checkstyle.checks.javadoc.JavadocMethodCheck"/>
<error line="42" column="31" severity="error" message="&apos;_ID&apos; hides a field." source="com.puppycrawl.tools.checkstyle.checks.coding.HiddenFieldCheck"/>
<error line="42" column="31" severity="error" message="Name &apos;_ID&apos; must match pattern &apos;^[a-z][a-zA-Z0-9]*$&apos;." source="com.puppycrawl.tools.checkstyle.checks.naming.ParameterNameCheck"/>
<error line="43" column="26" severity="error" message="&apos;_state&apos; hides a field." source="com.puppycrawl.tools.checkstyle.checks.coding.HiddenFieldCheck"/>
<error line="43" column="26" severity="error" message="Name &apos;_state&apos; must match pattern &apos;^[a-z][a-zA-Z0-9]*$&apos;." source="com.puppycrawl.tools.checkstyle.checks.naming.ParameterNameCheck"/>
<error line="53" column="27" severity="error" message="Name &apos;get_tableDAO&apos; must match pattern &apos;^[a-z][a-zA-Z0-9]*$&apos;." source="com.puppycrawl.tools.checkstyle.checks.naming.MethodNameCheck"/>
<error line="60" column="23" severity="error" message="Name &apos;set_tableDAO&apos; must match pattern &apos;^[a-z][a-zA-Z0-9]*$&apos;." source="com.puppycrawl.tools.checkstyle.checks.naming.MethodNameCheck"/>
<error line="61" column="28" severity="error" message="&apos;_tableDAO&apos; hides a field." source="com.puppycrawl.tools.checkstyle.checks.coding.HiddenFieldCheck"/>
<error line="61" column="28" severity="error" message="Name &apos;_tableDAO&apos; must match pattern &apos;^[a-z][a-zA-Z0-9]*$&apos;." source="com.puppycrawl.tools.checkstyle.checks.naming.ParameterNameCheck"/>
<error line="68" column="25" severity="error" message="Name &apos;ID&apos; must match pattern &apos;^[a-z][a-zA-Z0-9]*$&apos;." source="com.puppycrawl.tools.checkstyle.checks.naming.MethodNameCheck"/>
<error line="96" column="22" severity="error" message="Name &apos;get_maxdiners&apos; must match pattern &apos;^[a-z][a-zA-Z0-9]*$&apos;." source="com.puppycrawl.tools.checkstyle.checks.naming.MethodNameCheck"/>
<error line="103" column="23" severity="error" message="Name &apos;set_maxdiners&apos; must match pattern &apos;^[a-z][a-zA-Z0-9]*$&apos;." source="com.puppycrawl.tools.checkstyle.checks.naming.MethodNameCheck"/>
<error line="103" column="47" severity="error" message="&apos;_maxdiners&apos; hides a field." source="com.puppycrawl.tools.checkstyle.checks.coding.HiddenFieldCheck"/>
<error line="103" column="47" severity="error" message="Name &apos;_maxdiners&apos; must match pattern &apos;^[a-z][a-zA-Z0-9]*$&apos;." source="com.puppycrawl.tools.checkstyle.checks.naming.ParameterNameCheck"/>
</file>
<file name="/root/git/restaurant-chain/table-booking/src/main/java/org/table/booking/domain/Reservation.java">
<error line="3" severity="error" message="First sentence should end with a period." source="com.puppycrawl.tools.checkstyle.checks.javadoc.JavadocStyleCheck"/>
<error line="18" column="1" severity="error" message="File contains tab characters (this is the first instance)." source="com.puppycrawl.tools.checkstyle.checks.whitespace.FileTabCharacterCheck"/>
<error line="18" column="9" severity="error" message="Missing a Javadoc comment." source="com.puppycrawl.tools.checkstyle.checks.javadoc.JavadocVariableCheck"/>
<error line="18" column="21" severity="error" message="Name &apos;_reservationID&apos; must match pattern &apos;^[a-z][a-zA-Z0-9]*$&apos;." source="com.puppycrawl.tools.checkstyle.checks.naming.MemberNameCheck"/>
<error line="19" column="9" severity="error" message="Missing a Javadoc comment." source="com.puppycrawl.tools.checkstyle.checks.javadoc.JavadocVariableCheck"/>
<error line="19" column="24" severity="error" message="Name &apos;_tableID&apos; must match pattern &apos;^[a-z][a-zA-Z0-9]*$&apos;." source="com.puppycrawl.tools.checkstyle.checks.naming.MemberNameCheck"/>
<error line="20" column="9" severity="error" message="Missing a Javadoc comment." source="com.puppycrawl.tools.checkstyle.checks.javadoc.JavadocVariableCheck"/>
<error line="20" column="21" severity="error" message="Name &apos;_turn&apos; must match pattern &apos;^[a-z][a-zA-Z0-9]*$&apos;." source="com.puppycrawl.tools.checkstyle.checks.naming.MemberNameCheck"/>
<error line="21" column="9" severity="error" message="Missing a Javadoc comment." source="com.puppycrawl.tools.checkstyle.checks.javadoc.JavadocVariableCheck"/>
<error line="21" column="21" severity="error" message="Name &apos;_diners&apos; must match pattern &apos;^[a-z][a-zA-Z0-9]*$&apos;." source="com.puppycrawl.tools.checkstyle.checks.naming.MemberNameCheck"/>
<error line="22" column="9" severity="error" message="Missing a Javadoc comment." source="com.puppycrawl.tools.checkstyle.checks.javadoc.JavadocVariableCheck"/>
<error line="22" column="24" severity="error" message="Name &apos;_reservation_hour&apos; must match pattern &apos;^[a-z][a-zA-Z0-9]*$&apos;." source="com.puppycrawl.tools.checkstyle.checks.naming.MemberNameCheck"/>
<error line="24" column="9" severity="error" message="Missing a Javadoc comment." source="com.puppycrawl.tools.checkstyle.checks.javadoc.JavadocVariableCheck"/>
<error line="24" column="32" severity="error" message="Name &apos;_reservationDAO&apos; must match pattern &apos;^[a-z][a-zA-Z0-9]*$&apos;." source="com.puppycrawl.tools.checkstyle.checks.naming.MemberNameCheck"/>
<error line="38" column="38" severity="error" message="&apos;_reservationID&apos; hides a field." source="com.puppycrawl.tools.checkstyle.checks.coding.HiddenFieldCheck"/>
<error line="38" column="38" severity="error" message="Name &apos;_reservationID&apos; must match pattern &apos;^[a-z][a-zA-Z0-9]*$&apos;." source="com.puppycrawl.tools.checkstyle.checks.naming.ParameterNameCheck"/>
<error line="39" column="38" severity="error" message="&apos;_tableID&apos; hides a field." source="com.puppycrawl.tools.checkstyle.checks.coding.HiddenFieldCheck"/>
<error line="39" column="38" severity="error" message="Name &apos;_tableID&apos; must match pattern &apos;^[a-z][a-zA-Z0-9]*$&apos;." source="com.puppycrawl.tools.checkstyle.checks.naming.ParameterNameCheck"/>
<error line="40" column="38" severity="error" message="&apos;_reservation_hour&apos; hides a field." source="com.puppycrawl.tools.checkstyle.checks.coding.HiddenFieldCheck"/>
<error line="40" column="38" severity="error" message="Name &apos;_reservation_hour&apos; must match pattern &apos;^[a-z][a-zA-Z0-9]*$&apos;." source="com.puppycrawl.tools.checkstyle.checks.naming.ParameterNameCheck"/>
<error line="41" column="35" severity="error" message="&apos;_diners&apos; hides a field." source="com.puppycrawl.tools.checkstyle.checks.coding.HiddenFieldCheck"/>
<error line="41" column="35" severity="error" message="Name &apos;_diners&apos; must match pattern &apos;^[a-z][a-zA-Z0-9]*$&apos;." source="com.puppycrawl.tools.checkstyle.checks.naming.ParameterNameCheck"/>
<error line="41" column="54" severity="error" message="&apos;_turn&apos; hides a field." source="com.puppycrawl.tools.checkstyle.checks.coding.HiddenFieldCheck"/>
<error line="41" column="54" severity="error" message="Name &apos;_turn&apos; must match pattern &apos;^[a-z][a-zA-Z0-9]*$&apos;." source="com.puppycrawl.tools.checkstyle.checks.naming.ParameterNameCheck"/>
<error line="60" column="37" severity="error" message="Name &apos;get_reservationDAO&apos; must match pattern &apos;^[a-z][a-zA-Z0-9]*$&apos;." source="com.puppycrawl.tools.checkstyle.checks.naming.MethodNameCheck"/>
<error line="67" column="27" severity="error" message="Name &apos;set_reservationDAO&apos; must match pattern &apos;^[a-z][a-zA-Z0-9]*$&apos;." source="com.puppycrawl.tools.checkstyle.checks.naming.MethodNameCheck"/>
<error line="68" column="46" severity="error" message="&apos;_reservationDAO&apos; hides a field." source="com.puppycrawl.tools.checkstyle.checks.coding.HiddenFieldCheck"/>
<error line="68" column="46" severity="error" message="Name &apos;_reservationDAO&apos; must match pattern &apos;^[a-z][a-zA-Z0-9]*$&apos;." source="com.puppycrawl.tools.checkstyle.checks.naming.ParameterNameCheck"/>
<error line="75" column="26" severity="error" message="Name &apos;get_reservationID&apos; must match pattern &apos;^[a-z][a-zA-Z0-9]*$&apos;." source="com.puppycrawl.tools.checkstyle.checks.naming.MethodNameCheck"/>
<error line="83" column="27" severity="error" message="Name &apos;set_reservationID&apos; must match pattern &apos;^[a-z][a-zA-Z0-9]*$&apos;." source="com.puppycrawl.tools.checkstyle.checks.naming.MethodNameCheck"/>
<error line="84" column="35" severity="error" message="&apos;_reservationID&apos; hides a field." source="com.puppycrawl.tools.checkstyle.checks.coding.HiddenFieldCheck"/>
<error line="84" column="35" severity="error" message="Name &apos;_reservationID&apos; must match pattern &apos;^[a-z][a-zA-Z0-9]*$&apos;." source="com.puppycrawl.tools.checkstyle.checks.naming.ParameterNameCheck"/>
<error line="92" column="29" severity="error" message="Name &apos;get_tableID&apos; must match pattern &apos;^[a-z][a-zA-Z0-9]*$&apos;." source="com.puppycrawl.tools.checkstyle.checks.naming.MethodNameCheck"/>
<error line="100" column="27" severity="error" message="Name &apos;set_tableID&apos; must match pattern &apos;^[a-z][a-zA-Z0-9]*$&apos;." source="com.puppycrawl.tools.checkstyle.checks.naming.MethodNameCheck"/>
<error line="100" column="52" severity="error" message="&apos;_tableID&apos; hides a field." source="com.puppycrawl.tools.checkstyle.checks.coding.HiddenFieldCheck"/>
<error line="100" column="52" severity="error" message="Name &apos;_tableID&apos; must match pattern &apos;^[a-z][a-zA-Z0-9]*$&apos;." source="com.puppycrawl.tools.checkstyle.checks.naming.ParameterNameCheck"/>
<error line="107" column="26" severity="error" message="Name &apos;get_turn&apos; must match pattern &apos;^[a-z][a-zA-Z0-9]*$&apos;." source="com.puppycrawl.tools.checkstyle.checks.naming.MethodNameCheck"/>
<error line="114" column="27" severity="error" message="Name &apos;set_turn&apos; must match pattern &apos;^[a-z][a-zA-Z0-9]*$&apos;." source="com.puppycrawl.tools.checkstyle.checks.naming.MethodNameCheck"/>
<error line="114" column="46" severity="error" message="&apos;_turn&apos; hides a field." source="com.puppycrawl.tools.checkstyle.checks.coding.HiddenFieldCheck"/>
<error line="114" column="46" severity="error" message="Name &apos;_turn&apos; must match pattern &apos;^[a-z][a-zA-Z0-9]*$&apos;." source="com.puppycrawl.tools.checkstyle.checks.naming.ParameterNameCheck"/>
<error line="122" column="26" severity="error" message="Name &apos;get_diners&apos; must match pattern &apos;^[a-z][a-zA-Z0-9]*$&apos;." source="com.puppycrawl.tools.checkstyle.checks.naming.MethodNameCheck"/>
<error line="130" column="27" severity="error" message="Name &apos;set_diners&apos; must match pattern &apos;^[a-z][a-zA-Z0-9]*$&apos;." source="com.puppycrawl.tools.checkstyle.checks.naming.MethodNameCheck"/>
<error line="130" column="48" severity="error" message="&apos;_diners&apos; hides a field." source="com.puppycrawl.tools.checkstyle.checks.coding.HiddenFieldCheck"/>
<error line="130" column="48" severity="error" message="Name &apos;_diners&apos; must match pattern &apos;^[a-z][a-zA-Z0-9]*$&apos;." source="com.puppycrawl.tools.checkstyle.checks.naming.ParameterNameCheck"/>
<error line="137" column="29" severity="error" message="Name &apos;get_reservation_hour&apos; must match pattern &apos;^[a-z][a-zA-Z0-9]*$&apos;." source="com.puppycrawl.tools.checkstyle.checks.naming.MethodNameCheck"/>
<error line="145" column="27" severity="error" message="Name &apos;set_reservation_hour&apos; must match pattern &apos;^[a-z][a-zA-Z0-9]*$&apos;." source="com.puppycrawl.tools.checkstyle.checks.naming.MethodNameCheck"/>
<error line="146" column="38" severity="error" message="&apos;_reservation_hour&apos; hides a field." source="com.puppycrawl.tools.checkstyle.checks.coding.HiddenFieldCheck"/>
<error line="146" column="38" severity="error" message="Name &apos;_reservation_hour&apos; must match pattern &apos;^[a-z][a-zA-Z0-9]*$&apos;." source="com.puppycrawl.tools.checkstyle.checks.naming.ParameterNameCheck"/>
</file>
<file name="/root/git/restaurant-chain/table-booking/src/main/java/org/table/booking/domain/Login.java">
<error line="3" severity="error" message="First sentence should end with a period." source="com.puppycrawl.tools.checkstyle.checks.javadoc.JavadocStyleCheck"/>
<error line="20" column="1" severity="error" message="File contains tab characters (this is the first instance)." source="com.puppycrawl.tools.checkstyle.checks.whitespace.FileTabCharacterCheck"/>
<error line="20" column="9" severity="error" message="Missing a Javadoc comment." source="com.puppycrawl.tools.checkstyle.checks.javadoc.JavadocVariableCheck"/>
<error line="20" column="24" severity="error" message="Name &apos;_user&apos; must match pattern &apos;^[a-z][a-zA-Z0-9]*$&apos;." source="com.puppycrawl.tools.checkstyle.checks.naming.MemberNameCheck"/>
<error line="21" column="9" severity="error" message="Missing a Javadoc comment." source="com.puppycrawl.tools.checkstyle.checks.javadoc.JavadocVariableCheck"/>
<error line="21" column="24" severity="error" message="Name &apos;_pass&apos; must match pattern &apos;^[a-z][a-zA-Z0-9]*$&apos;." source="com.puppycrawl.tools.checkstyle.checks.naming.MemberNameCheck"/>
<error line="22" column="9" severity="error" message="Missing a Javadoc comment." source="com.puppycrawl.tools.checkstyle.checks.javadoc.JavadocVariableCheck"/>
<error line="22" column="26" severity="error" message="Name &apos;_loginDAO&apos; must match pattern &apos;^[a-z][a-zA-Z0-9]*$&apos;." source="com.puppycrawl.tools.checkstyle.checks.naming.MemberNameCheck"/>
<error line="28" column="35" severity="error" message="&apos;_user&apos; hides a field." source="com.puppycrawl.tools.checkstyle.checks.coding.HiddenFieldCheck"/>
<error line="28" column="35" severity="error" message="Expected @param tag for &apos;_user&apos;." source="com.puppycrawl.tools.checkstyle.checks.javadoc.JavadocMethodCheck"/>
<error line="28" column="35" severity="error" message="Name &apos;_user&apos; must match pattern &apos;^[a-z][a-zA-Z0-9]*$&apos;." source="com.puppycrawl.tools.checkstyle.checks.naming.ParameterNameCheck"/>
<error line="28" column="55" severity="error" message="&apos;_pass&apos; hides a field." source="com.puppycrawl.tools.checkstyle.checks.coding.HiddenFieldCheck"/>
<error line="28" column="55" severity="error" message="Expected @param tag for &apos;_pass&apos;." source="com.puppycrawl.tools.checkstyle.checks.javadoc.JavadocMethodCheck"/>
<error line="28" column="55" severity="error" message="Name &apos;_pass&apos; must match pattern &apos;^[a-z][a-zA-Z0-9]*$&apos;." source="com.puppycrawl.tools.checkstyle.checks.naming.ParameterNameCheck"/>
<error line="37" severity="error" message="Expected an @return tag." source="com.puppycrawl.tools.checkstyle.checks.javadoc.JavadocMethodCheck"/>
<error line="37" column="31" severity="error" message="Name &apos;get_loginDAO&apos; must match pattern &apos;^[a-z][a-zA-Z0-9]*$&apos;." source="com.puppycrawl.tools.checkstyle.checks.naming.MethodNameCheck"/>
<error line="44" column="27" severity="error" message="Name &apos;set_loginDAO&apos; must match pattern &apos;^[a-z][a-zA-Z0-9]*$&apos;." source="com.puppycrawl.tools.checkstyle.checks.naming.MethodNameCheck"/>
<error line="45" column="40" severity="error" message="&apos;_loginDAO&apos; hides a field." source="com.puppycrawl.tools.checkstyle.checks.coding.HiddenFieldCheck"/>
<error line="45" column="40" severity="error" message="Expected @param tag for &apos;_loginDAO&apos;." source="com.puppycrawl.tools.checkstyle.checks.javadoc.JavadocMethodCheck"/>
<error line="45" column="40" severity="error" message="Name &apos;_loginDAO&apos; must match pattern &apos;^[a-z][a-zA-Z0-9]*$&apos;." source="com.puppycrawl.tools.checkstyle.checks.naming.ParameterNameCheck"/>
<error line="56" column="9" severity="error" message="Missing a Javadoc comment." source="com.puppycrawl.tools.checkstyle.checks.javadoc.JavadocMethodCheck"/>
<error line="60" column="9" severity="error" message="Missing a Javadoc comment." source="com.puppycrawl.tools.checkstyle.checks.javadoc.JavadocMethodCheck"/>
<error line="60" column="48" severity="error" message="&apos;_user&apos; hides a field." source="com.puppycrawl.tools.checkstyle.checks.coding.HiddenFieldCheck"/>
<error line="60" column="48" severity="error" message="Name &apos;_user&apos; must match pattern &apos;^[a-z][a-zA-Z0-9]*$&apos;." source="com.puppycrawl.tools.checkstyle.checks.naming.ParameterNameCheck"/>
<error line="64" column="9" severity="error" message="Missing a Javadoc comment." source="com.puppycrawl.tools.checkstyle.checks.javadoc.JavadocMethodCheck"/>
<error line="68" column="9" severity="error" message="Missing a Javadoc comment." source="com.puppycrawl.tools.checkstyle.checks.javadoc.JavadocMethodCheck"/>
<error line="68" column="48" severity="error" message="&apos;_pass&apos; hides a field." source="com.puppycrawl.tools.checkstyle.checks.coding.HiddenFieldCheck"/>
<error line="68" column="48" severity="error" message="Name &apos;_pass&apos; must match pattern &apos;^[a-z][a-zA-Z0-9]*$&apos;." source="com.puppycrawl.tools.checkstyle.checks.naming.ParameterNameCheck"/>
<error line="72" column="9" severity="error" message="Missing a Javadoc comment." source="com.puppycrawl.tools.checkstyle.checks.javadoc.JavadocMethodCheck"/>
<error line="76" column="9" severity="error" message="Missing a Javadoc comment." source="com.puppycrawl.tools.checkstyle.checks.javadoc.JavadocMethodCheck"/>
<error line="77" column="40" severity="error" message="&apos;_loginDAO&apos; hides a field." source="com.puppycrawl.tools.checkstyle.checks.coding.HiddenFieldCheck"/>
<error line="77" column="40" severity="error" message="Name &apos;_loginDAO&apos; must match pattern &apos;^[a-z][a-zA-Z0-9]*$&apos;." source="com.puppycrawl.tools.checkstyle.checks.naming.ParameterNameCheck"/>
<error line="81" column="9" severity="error" message="Missing a Javadoc comment." source="com.puppycrawl.tools.checkstyle.checks.javadoc.JavadocMethodCheck"/>
<error line="81" column="30" severity="error" message="Name &apos;check_credentials&apos; must match pattern &apos;^[a-z][a-zA-Z0-9]*$&apos;." source="com.puppycrawl.tools.checkstyle.checks.naming.MethodNameCheck"/>
</file>
<file name="/root/git/restaurant-chain/table-booking/src/main/java/org/table/booking/domain/TableDAO.java">
<error line="8" severity="error" message="First sentence should end with a period." source="com.puppycrawl.tools.checkstyle.checks.javadoc.JavadocStyleCheck"/>
<error line="26" column="5" severity="error" message="Missing a Javadoc comment." source="com.puppycrawl.tools.checkstyle.checks.javadoc.JavadocVariableCheck"/>
<error line="26" column="31" severity="error" message="Name &apos;_tableList&apos; must match pattern &apos;^[a-z][a-zA-Z0-9]*$&apos;." source="com.puppycrawl.tools.checkstyle.checks.naming.MemberNameCheck"/>
<error line="27" column="5" severity="error" message="Missing a Javadoc comment." source="com.puppycrawl.tools.checkstyle.checks.javadoc.JavadocVariableCheck"/>
<error line="27" column="19" severity="error" message="Name &apos;_table&apos; must match pattern &apos;^[a-z][a-zA-Z0-9]*$&apos;." source="com.puppycrawl.tools.checkstyle.checks.naming.MemberNameCheck"/>
<error line="32" column="36" severity="error" message="Name &apos;get_tableList&apos; must match pattern &apos;^[a-z][a-zA-Z0-9]*$&apos;." source="com.puppycrawl.tools.checkstyle.checks.naming.MethodNameCheck"/>
<error line="39" column="23" severity="error" message="Name &apos;set_tableList&apos; must match pattern &apos;^[a-z][a-zA-Z0-9]*$&apos;." source="com.puppycrawl.tools.checkstyle.checks.naming.MethodNameCheck"/>
<error line="40" column="37" severity="error" message="&apos;_tableList&apos; hides a field." source="com.puppycrawl.tools.checkstyle.checks.coding.HiddenFieldCheck"/>
<error line="40" column="37" severity="error" message="Name &apos;_tableList&apos; must match pattern &apos;^[a-z][a-zA-Z0-9]*$&apos;." source="com.puppycrawl.tools.checkstyle.checks.naming.ParameterNameCheck"/>
<error line="47" column="24" severity="error" message="Name &apos;get_table&apos; must match pattern &apos;^[a-z][a-zA-Z0-9]*$&apos;." source="com.puppycrawl.tools.checkstyle.checks.naming.MethodNameCheck"/>
<error line="54" column="23" severity="error" message="Name &apos;set_table&apos; must match pattern &apos;^[a-z][a-zA-Z0-9]*$&apos;." source="com.puppycrawl.tools.checkstyle.checks.naming.MethodNameCheck"/>
<error line="54" column="45" severity="error" message="&apos;_table&apos; hides a field." source="com.puppycrawl.tools.checkstyle.checks.coding.HiddenFieldCheck"/>
<error line="54" column="45" severity="error" message="Name &apos;_table&apos; must match pattern &apos;^[a-z][a-zA-Z0-9]*$&apos;." source="com.puppycrawl.tools.checkstyle.checks.naming.ParameterNameCheck"/>
<error line="114" severity="error" message="Expected an @return tag." source="com.puppycrawl.tools.checkstyle.checks.javadoc.JavadocMethodCheck"/>
<error line="125" severity="error" message="Expected an @return tag." source="com.puppycrawl.tools.checkstyle.checks.javadoc.JavadocMethodCheck"/>
</file>
<file name="/root/git/restaurant-chain/table-booking/src/main/java/org/table/booking/domain/ReservationDAO.java">
<error line="8" severity="error" message="First sentence should end with a period." source="com.puppycrawl.tools.checkstyle.checks.javadoc.JavadocStyleCheck"/>
<error line="26" severity="error" message="Line has trailing spaces." source="com.puppycrawl.tools.checkstyle.checks.regexp.RegexpSinglelineCheck"/>
<error line="26" column="1" severity="error" message="File contains tab characters (this is the first instance)." source="com.puppycrawl.tools.checkstyle.checks.whitespace.FileTabCharacterCheck"/>
<error line="26" column="9" severity="error" message="Missing a Javadoc comment." source="com.puppycrawl.tools.checkstyle.checks.javadoc.JavadocVariableCheck"/>
<error line="26" column="41" severity="error" message="Name &apos;_reservationList&apos; must match pattern &apos;^[a-z][a-zA-Z0-9]*$&apos;." source="com.puppycrawl.tools.checkstyle.checks.naming.MemberNameCheck"/>
<error line="28" column="9" severity="error" message="Missing a Javadoc comment." source="com.puppycrawl.tools.checkstyle.checks.javadoc.JavadocVariableCheck"/>
<error line="28" column="29" severity="error" message="Name &apos;_reservation&apos; must match pattern &apos;^[a-z][a-zA-Z0-9]*$&apos;." source="com.puppycrawl.tools.checkstyle.checks.naming.MemberNameCheck"/>
<error line="33" column="34" severity="error" message="Name &apos;get_reservation&apos; must match pattern &apos;^[a-z][a-zA-Z0-9]*$&apos;." source="com.puppycrawl.tools.checkstyle.checks.naming.MethodNameCheck"/>
<error line="40" column="27" severity="error" message="Name &apos;set_reservation&apos; must match pattern &apos;^[a-z][a-zA-Z0-9]*$&apos;." source="com.puppycrawl.tools.checkstyle.checks.naming.MethodNameCheck"/>
<error line="41" column="43" severity="error" message="&apos;_reservation&apos; hides a field." source="com.puppycrawl.tools.checkstyle.checks.coding.HiddenFieldCheck"/>
<error line="41" column="43" severity="error" message="Name &apos;_reservation&apos; must match pattern &apos;^[a-z][a-zA-Z0-9]*$&apos;." source="com.puppycrawl.tools.checkstyle.checks.naming.ParameterNameCheck"/>
<error line="48" column="46" severity="error" message="Name &apos;get_reservationList&apos; must match pattern &apos;^[a-z][a-zA-Z0-9]*$&apos;." source="com.puppycrawl.tools.checkstyle.checks.naming.MethodNameCheck"/>
<error line="55" column="27" severity="error" message="Name &apos;set_reservationList&apos; must match pattern &apos;^[a-z][a-zA-Z0-9]*$&apos;." source="com.puppycrawl.tools.checkstyle.checks.naming.MethodNameCheck"/>
<error line="56" column="55" severity="error" message="&apos;_reservationList&apos; hides a field." source="com.puppycrawl.tools.checkstyle.checks.coding.HiddenFieldCheck"/>
<error line="56" column="55" severity="error" message="Name &apos;_reservationList&apos; must match pattern &apos;^[a-z][a-zA-Z0-9]*$&apos;." source="com.puppycrawl.tools.checkstyle.checks.naming.ParameterNameCheck"/>
<error line="144" severity="error" message="Line is longer than 80 characters (found 82)." source="com.puppycrawl.tools.checkstyle.checks.sizes.LineLengthCheck"/>
<error line="255" severity="error" message="Line is longer than 80 characters (found 82)." source="com.puppycrawl.tools.checkstyle.checks.sizes.LineLengthCheck"/>
<error line="258" severity="error" message="Line is longer than 80 characters (found 84)." source="com.puppycrawl.tools.checkstyle.checks.sizes.LineLengthCheck"/>
<error line="310" severity="error" message="Line is longer than 80 characters (found 82)." source="com.puppycrawl.tools.checkstyle.checks.sizes.LineLengthCheck"/>
<error line="313" severity="error" message="Line is longer than 80 characters (found 84)." source="com.puppycrawl.tools.checkstyle.checks.sizes.LineLengthCheck"/>
</file>
<file name="/root/git/restaurant-chain/table-booking/src/main/java/org/table/booking/domain/TableManager.java">
<error line="8" severity="error" message="First sentence should end with a period." source="com.puppycrawl.tools.checkstyle.checks.javadoc.JavadocStyleCheck"/>
<error line="23" column="5" severity="error" message="Missing a Javadoc comment." source="com.puppycrawl.tools.checkstyle.checks.javadoc.JavadocVariableCheck"/>
<error line="24" column="5" severity="error" message="Missing a Javadoc comment." source="com.puppycrawl.tools.checkstyle.checks.javadoc.JavadocVariableCheck"/>
<error line="25" column="5" severity="error" message="Missing a Javadoc comment." source="com.puppycrawl.tools.checkstyle.checks.javadoc.JavadocVariableCheck"/>
<error line="26" column="5" severity="error" message="Missing a Javadoc comment." source="com.puppycrawl.tools.checkstyle.checks.javadoc.JavadocVariableCheck"/>
<error line="64" column="25" severity="error" message="Name &apos;make_reservation&apos; must match pattern &apos;^[a-z][a-zA-Z0-9]*$&apos;." source="com.puppycrawl.tools.checkstyle.checks.naming.MethodNameCheck"/>
<error line="100" column="23" severity="error" message="Name &apos;cancel_reservation&apos; must match pattern &apos;^[a-z][a-zA-Z0-9]*$&apos;." source="com.puppycrawl.tools.checkstyle.checks.naming.MethodNameCheck"/>
<error line="135" column="25" severity="error" message="Name &apos;assing_table&apos; must match pattern &apos;^[a-z][a-zA-Z0-9]*$&apos;." source="com.puppycrawl.tools.checkstyle.checks.naming.MethodNameCheck"/>
<error line="146" column="17" severity="error" message="Name &apos;s_hour&apos; must match pattern &apos;^[a-z][a-zA-Z0-9]*$&apos;." source="com.puppycrawl.tools.checkstyle.checks.naming.LocalVariableNameCheck"/>
<error line="147" column="17" severity="error" message="Name &apos;s_min&apos; must match pattern &apos;^[a-z][a-zA-Z0-9]*$&apos;." source="com.puppycrawl.tools.checkstyle.checks.naming.LocalVariableNameCheck"/>
<error line="148" column="20" severity="error" message="Name &apos;s_time&apos; must match pattern &apos;^[a-z][a-zA-Z0-9]*$&apos;." source="com.puppycrawl.tools.checkstyle.checks.naming.LocalVariableNameCheck"/>
<error line="157" column="20" severity="error" message="Name &apos;r_time&apos; must match pattern &apos;^[a-z][a-zA-Z0-9]*$&apos;." source="com.puppycrawl.tools.checkstyle.checks.naming.LocalVariableNameCheck"/>
<error line="188" column="37" severity="error" message="Name &apos;show_turns&apos; must match pattern &apos;^[a-z][a-zA-Z0-9]*$&apos;." source="com.puppycrawl.tools.checkstyle.checks.naming.MethodNameCheck"/>
<error line="196" column="23" severity="error" message="Name &apos;mark_table_state&apos; must match pattern &apos;^[a-z][a-zA-Z0-9]*$&apos;." source="com.puppycrawl.tools.checkstyle.checks.naming.MethodNameCheck"/>
<error line="214" severity="error" message="Line has trailing spaces." source="com.puppycrawl.tools.checkstyle.checks.regexp.RegexpSinglelineCheck"/>
<error line="228" column="43" severity="error" message="Name &apos;show_reservations&apos; must match pattern &apos;^[a-z][a-zA-Z0-9]*$&apos;." source="com.puppycrawl.tools.checkstyle.checks.naming.MethodNameCheck"/>
<error line="272" column="37" severity="error" message="Name &apos;show_table_state&apos; must match pattern &apos;^[a-z][a-zA-Z0-9]*$&apos;." source="com.puppycrawl.tools.checkstyle.checks.naming.MethodNameCheck"/>
<error line="312" column="37" severity="error" message="Name &apos;show_free_table_state&apos; must match pattern &apos;^[a-z][a-zA-Z0-9]*$&apos;." source="com.puppycrawl.tools.checkstyle.checks.naming.MethodNameCheck"/>
</file>
<file name="/root/git/restaurant-chain/table-booking/src/main/java/org/table/booking/domain/LoginDAO.java">
<error line="6" severity="error" message="First sentence should end with a period." source="com.puppycrawl.tools.checkstyle.checks.javadoc.JavadocStyleCheck"/>
<error line="23" column="5" severity="error" message="Missing a Javadoc comment." source="com.puppycrawl.tools.checkstyle.checks.javadoc.JavadocVariableCheck"/>
<error line="23" column="19" severity="error" message="Name &apos;_login&apos; must match pattern &apos;^[a-z][a-zA-Z0-9]*$&apos;." source="com.puppycrawl.tools.checkstyle.checks.naming.MemberNameCheck"/>
<error line="35" column="24" severity="error" message="Name &apos;get_login&apos; must match pattern &apos;^[a-z][a-zA-Z0-9]*$&apos;." source="com.puppycrawl.tools.checkstyle.checks.naming.MethodNameCheck"/>
<error line="42" column="23" severity="error" message="Name &apos;set_login&apos; must match pattern &apos;^[a-z][a-zA-Z0-9]*$&apos;." source="com.puppycrawl.tools.checkstyle.checks.naming.MethodNameCheck"/>
<error line="42" column="45" severity="error" message="&apos;_login&apos; hides a field." source="com.puppycrawl.tools.checkstyle.checks.coding.HiddenFieldCheck"/>
<error line="42" column="45" severity="error" message="Name &apos;_login&apos; must match pattern &apos;^[a-z][a-zA-Z0-9]*$&apos;." source="com.puppycrawl.tools.checkstyle.checks.naming.ParameterNameCheck"/>
</file>
<file name="/root/git/restaurant-chain/table-booking/src/main/java/org/table/booking/persistence/DBBroker.java">
<error line="0" severity="error" message="Missing package-info.java file." source="com.puppycrawl.tools.checkstyle.checks.javadoc.JavadocPackageCheck"/>
<error line="14" severity="error" message="First sentence should end with a period." source="com.puppycrawl.tools.checkstyle.checks.javadoc.JavadocStyleCheck"/>
<error line="29" column="5" severity="error" message="Missing a Javadoc comment." source="com.puppycrawl.tools.checkstyle.checks.javadoc.JavadocVariableCheck"/>
<error line="30" column="5" severity="error" message="Missing a Javadoc comment." source="com.puppycrawl.tools.checkstyle.checks.javadoc.JavadocVariableCheck"/>
<error line="31" column="5" severity="error" message="Missing a Javadoc comment." source="com.puppycrawl.tools.checkstyle.checks.javadoc.JavadocVariableCheck"/>
<error line="33" column="5" severity="error" message="Missing a Javadoc comment." source="com.puppycrawl.tools.checkstyle.checks.javadoc.JavadocVariableCheck"/>
<error line="55" column="28" severity="error" message="&apos;mInstancia&apos; hides a field." source="com.puppycrawl.tools.checkstyle.checks.coding.HiddenFieldCheck"/>
<error line="81" column="48" severity="error" message="&apos;mBD&apos; hides a field." source="com.puppycrawl.tools.checkstyle.checks.coding.HiddenFieldCheck"/>
<error line="95" column="42" severity="error" message="&apos;prop&apos; hides a field." source="com.puppycrawl.tools.checkstyle.checks.coding.HiddenFieldCheck"/>
<error line="204" column="36" severity="error" message="Name &apos;SQL&apos; must match pattern &apos;^[a-z][a-zA-Z0-9]*$&apos;." source="com.puppycrawl.tools.checkstyle.checks.naming.ParameterNameCheck"/>
<error line="248" column="36" severity="error" message="Name &apos;SQL&apos; must match pattern &apos;^[a-z][a-zA-Z0-9]*$&apos;." source="com.puppycrawl.tools.checkstyle.checks.naming.ParameterNameCheck"/>
<error line="291" column="36" severity="error" message="Name &apos;SQL&apos; must match pattern &apos;^[a-z][a-zA-Z0-9]*$&apos;." source="com.puppycrawl.tools.checkstyle.checks.naming.ParameterNameCheck"/>
<error line="334" column="40" severity="error" message="Name &apos;SQL&apos; must match pattern &apos;^[a-z][a-zA-Z0-9]*$&apos;." source="com.puppycrawl.tools.checkstyle.checks.naming.ParameterNameCheck"/>
</file>
<file name="/root/git/restaurant-chain/table-booking/src/main/java/org/table/booking/presentation/IU_TableBooking.java">
<error line="0" severity="error" message="Missing package-info.java file." source="com.puppycrawl.tools.checkstyle.checks.javadoc.JavadocPackageCheck"/>
<error line="12" severity="error" message="First sentence should end with a period." source="com.puppycrawl.tools.checkstyle.checks.javadoc.JavadocStyleCheck"/>
<error line="26" column="1" severity="error" message="Utility classes should not have a public or default constructor." source="com.puppycrawl.tools.checkstyle.checks.design.HideUtilityClassConstructorCheck"/>
<error line="26" column="14" severity="error" message="Name &apos;IU_TableBooking&apos; must match pattern &apos;^[A-Z][a-zA-Z0-9]*$&apos;." source="com.puppycrawl.tools.checkstyle.checks.naming.TypeNameCheck"/>
<error line="27" column="5" severity="error" message="Missing a Javadoc comment." source="com.puppycrawl.tools.checkstyle.checks.javadoc.JavadocVariableCheck"/>
<error line="28" column="5" severity="error" message="Missing a Javadoc comment." source="com.puppycrawl.tools.checkstyle.checks.javadoc.JavadocVariableCheck"/>
<error line="29" column="5" severity="error" message="Missing a Javadoc comment." source="com.puppycrawl.tools.checkstyle.checks.javadoc.JavadocVariableCheck"/>
<error line="30" column="5" severity="error" message="Missing a Javadoc comment." source="com.puppycrawl.tools.checkstyle.checks.javadoc.JavadocVariableCheck"/>
<error line="31" column="5" severity="error" message="Missing a Javadoc comment." source="com.puppycrawl.tools.checkstyle.checks.javadoc.JavadocVariableCheck"/>
<error line="32" column="5" severity="error" message="Missing a Javadoc comment." source="com.puppycrawl.tools.checkstyle.checks.javadoc.JavadocVariableCheck"/>
<error line="33" column="5" severity="error" message="Missing a Javadoc comment." source="com.puppycrawl.tools.checkstyle.checks.javadoc.JavadocVariableCheck"/>
<error line="34" column="5" severity="error" message="Missing a Javadoc comment." source="com.puppycrawl.tools.checkstyle.checks.javadoc.JavadocVariableCheck"/>
<error line="35" column="5" severity="error" message="Missing a Javadoc comment." source="com.puppycrawl.tools.checkstyle.checks.javadoc.JavadocVariableCheck"/>
<error line="36" column="5" severity="error" message="Missing a Javadoc comment." source="com.puppycrawl.tools.checkstyle.checks.javadoc.JavadocVariableCheck"/>
<error line="37" column="5" severity="error" message="Missing a Javadoc comment." source="com.puppycrawl.tools.checkstyle.checks.javadoc.JavadocVariableCheck"/>
<error line="38" column="5" severity="error" message="Missing a Javadoc comment." source="com.puppycrawl.tools.checkstyle.checks.javadoc.JavadocVariableCheck"/>
<error line="39" column="5" severity="error" message="Missing a Javadoc comment." source="com.puppycrawl.tools.checkstyle.checks.javadoc.JavadocVariableCheck"/>
<error line="40" column="5" severity="error" message="Missing a Javadoc comment." source="com.puppycrawl.tools.checkstyle.checks.javadoc.JavadocVariableCheck"/>
<error line="41" column="5" severity="error" message="Missing a Javadoc comment." source="com.puppycrawl.tools.checkstyle.checks.javadoc.JavadocVariableCheck"/>
<error line="42" column="5" severity="error" message="Missing a Javadoc comment." source="com.puppycrawl.tools.checkstyle.checks.javadoc.JavadocVariableCheck"/>
<error line="43" column="5" severity="error" message="Missing a Javadoc comment." source="com.puppycrawl.tools.checkstyle.checks.javadoc.JavadocVariableCheck"/>
<error line="44" column="5" severity="error" message="Missing a Javadoc comment." source="com.puppycrawl.tools.checkstyle.checks.javadoc.JavadocVariableCheck"/>
<error line="45" column="5" severity="error" message="Missing a Javadoc comment." source="com.puppycrawl.tools.checkstyle.checks.javadoc.JavadocVariableCheck"/>
<error line="46" column="5" severity="error" message="Missing a Javadoc comment." source="com.puppycrawl.tools.checkstyle.checks.javadoc.JavadocVariableCheck"/>
<error line="147" column="40" severity="error" message="Expected @param tag for &apos;opt&apos;." source="com.puppycrawl.tools.checkstyle.checks.javadoc.JavadocMethodCheck"/>
<error line="203" column="25" severity="error" message="Name &apos;opt_1&apos; must match pattern &apos;^[a-z][a-zA-Z0-9]*$&apos;." source="com.puppycrawl.tools.checkstyle.checks.naming.MethodNameCheck"/>
<error line="265" column="16" severity="error" message="Name &apos;opt_2&apos; must match pattern &apos;^[a-z][a-zA-Z0-9]*$&apos;." source="com.puppycrawl.tools.checkstyle.checks.naming.MethodNameCheck"/>
<error line="395" column="25" severity="error" message="Name &apos;opt_3&apos; must match pattern &apos;^[a-z][a-zA-Z0-9]*$&apos;." source="com.puppycrawl.tools.checkstyle.checks.naming.MethodNameCheck"/>
<error line="457" column="25" severity="error" message="Name &apos;opt_4&apos; must match pattern &apos;^[a-z][a-zA-Z0-9]*$&apos;." source="com.puppycrawl.tools.checkstyle.checks.naming.MethodNameCheck"/>
<error line="502" column="25" severity="error" message="Name &apos;opt_5&apos; must match pattern &apos;^[a-z][a-zA-Z0-9]*$&apos;." source="com.puppycrawl.tools.checkstyle.checks.naming.MethodNameCheck"/>
</file>
<file name="/root/git/restaurant-chain/table-booking/src/main/java/org/table/booking/presentation/IU_Login.java">
<error line="7" severity="error" message="First sentence should end with a period." source="com.puppycrawl.tools.checkstyle.checks.javadoc.JavadocStyleCheck"/>
<error line="21" column="1" severity="error" message="Utility classes should not have a public or default constructor." source="com.puppycrawl.tools.checkstyle.checks.design.HideUtilityClassConstructorCheck"/>
<error line="21" column="14" severity="error" message="Name &apos;IU_Login&apos; must match pattern &apos;^[A-Z][a-zA-Z0-9]*$&apos;." source="com.puppycrawl.tools.checkstyle.checks.naming.TypeNameCheck"/>
</file>
</checkstyle>
