
<BugCollection sequence='0' release='' analysisTimestamp='1545936320673' version='3.0.1' timestamp='1545936288000'><Project projectName='table-booking'><Jar>/root/git/restaurant-chain/table-booking/target/classes</Jar><AuxClasspathEntry>/root/.m2/repository/mysql/mysql-connector-java/5.1.6/mysql-connector-java-5.1.6.jar</AuxClasspathEntry><SrcDir>/root/git/restaurant-chain/table-booking/src/main/java</SrcDir><WrkDir>/root/git/restaurant-chain/table-booking/target</WrkDir></Project><Errors missingClasses='0' errors='0'></Errors><FindBugsSummary num_packages='5' total_classes='12' total_size='696' clock_seconds='4.44' referenced_classes='66' vm_version='25.151-b12' total_bugs='0' java_version='1.8.0_151' gc_seconds='0.12' alloc_mbytes='455.50' cpu_seconds='12.33' peak_mbytes='181.21' timestamp='Thu, 27 Dec 2018 19:44:48 +0100'><FileStats path='org/table/booking/App.java' size='10' bugCount='0'></FileStats><FileStats path='org/table/booking/domain/Login.java' size='37' bugCount='0'></FileStats><FileStats path='org/table/booking/domain/LoginDAO.java' size='25' bugCount='0'></FileStats><FileStats path='org/table/booking/domain/Reservation.java' size='49' bugCount='0'></FileStats><FileStats path='org/table/booking/domain/ReservationDAO.java' size='86' bugCount='0'></FileStats><FileStats path='org/table/booking/domain/Table.java' size='41' bugCount='0'></FileStats><FileStats path='org/table/booking/domain/TableDAO.java' size='73' bugCount='0'></FileStats><FileStats path='org/table/booking/domain/TableManager.java' size='87' bugCount='0'></FileStats><FileStats path='org/table/booking/exceptions/WrongMenuException.java' size='4' bugCount='0'></FileStats><FileStats path='org/table/booking/persistence/DBBroker.java' size='91' bugCount='0'></FileStats><FileStats path='org/table/booking/presentation/IU_Login.java' size='22' bugCount='0'></FileStats><FileStats path='org/table/booking/presentation/IU_TableBooking.java' size='171' bugCount='0'></FileStats><PackageStats package='org.table.booking' total_bugs='0' total_size='10' total_types='1'><ClassStats bugs='0' size='10' interface='false' sourceFile='App.java' class='org.table.booking.App'></ClassStats></PackageStats><PackageStats package='org.table.booking.domain' total_bugs='0' total_size='398' total_types='7'><ClassStats bugs='0' size='37' interface='false' sourceFile='Login.java' class='org.table.booking.domain.Login'></ClassStats><ClassStats bugs='0' size='25' interface='false' sourceFile='LoginDAO.java' class='org.table.booking.domain.LoginDAO'></ClassStats><ClassStats bugs='0' size='49' interface='false' sourceFile='Reservation.java' class='org.table.booking.domain.Reservation'></ClassStats><ClassStats bugs='0' size='86' interface='false' sourceFile='ReservationDAO.java' class='org.table.booking.domain.ReservationDAO'></ClassStats><ClassStats bugs='0' size='41' interface='false' sourceFile='Table.java' class='org.table.booking.domain.Table'></ClassStats><ClassStats bugs='0' size='73' interface='false' sourceFile='TableDAO.java' class='org.table.booking.domain.TableDAO'></ClassStats><ClassStats bugs='0' size='87' interface='false' sourceFile='TableManager.java' class='org.table.booking.domain.TableManager'></ClassStats></PackageStats><PackageStats package='org.table.booking.exceptions' total_bugs='0' total_size='4' total_types='1'><ClassStats bugs='0' size='4' interface='false' sourceFile='WrongMenuException.java' class='org.table.booking.exceptions.WrongMenuException'></ClassStats></PackageStats><PackageStats package='org.table.booking.persistence' total_bugs='0' total_size='91' total_types='1'><ClassStats bugs='0' size='91' interface='false' sourceFile='DBBroker.java' class='org.table.booking.persistence.DBBroker'></ClassStats></PackageStats><PackageStats package='org.table.booking.presentation' total_bugs='0' total_size='193' total_types='2'><ClassStats bugs='0' size='22' interface='false' sourceFile='IU_Login.java' class='org.table.booking.presentation.IU_Login'></ClassStats><ClassStats bugs='0' size='171' interface='false' sourceFile='IU_TableBooking.java' class='org.table.booking.presentation.IU_TableBooking'></ClassStats></PackageStats><FindBugsProfile><ClassProfile avgMicrosecondsPerInvocation='924' totalMilliseconds='593' name='edu.umd.cs.findbugs.classfile.engine.ClassInfoAnalysisEngine' standardDeviationMircosecondsPerInvocation='3353' maxMicrosecondsPerInvocation='63415' invocations='642'></ClassProfile><ClassProfile avgMicrosecondsPerInvocation='694' totalMilliseconds='224' name='edu.umd.cs.findbugs.OpcodeStack$JumpInfoFactory' standardDeviationMircosecondsPerInvocation='2139' maxMicrosecondsPerInvocation='21382' invocations='323'></ClassProfile><ClassProfile avgMicrosecondsPerInvocation='3226' totalMilliseconds='212' name='edu.umd.cs.findbugs.detect.FieldItemSummary' standardDeviationMircosecondsPerInvocation='6577' maxMicrosecondsPerInvocation='31886' invocations='66'></ClassProfile><ClassProfile avgMicrosecondsPerInvocation='2613' totalMilliseconds='172' name='edu.umd.cs.findbugs.detect.FindNoSideEffectMethods' standardDeviationMircosecondsPerInvocation='5743' maxMicrosecondsPerInvocation='38074' invocations='66'></ClassProfile><ClassProfile avgMicrosecondsPerInvocation='200' totalMilliseconds='129' name='edu.umd.cs.findbugs.classfile.engine.ClassDataAnalysisEngine' standardDeviationMircosecondsPerInvocation='538' maxMicrosecondsPerInvocation='8084' invocations='645'></ClassProfile><ClassProfile avgMicrosecondsPerInvocation='2033' totalMilliseconds='117' name='edu.umd.cs.findbugs.detect.StreamResourceTracker' standardDeviationMircosecondsPerInvocation='2851' maxMicrosecondsPerInvocation='12708' invocations='58'></ClassProfile><ClassProfile avgMicrosecondsPerInvocation='977' totalMilliseconds='101' name='edu.umd.cs.findbugs.classfile.engine.bcel.TypeDataflowFactory' standardDeviationMircosecondsPerInvocation='2118' maxMicrosecondsPerInvocation='13953' invocations='104'></ClassProfile><ClassProfile avgMicrosecondsPerInvocation='994' totalMilliseconds='101' name='edu.umd.cs.findbugs.classfile.engine.bcel.IsNullValueDataflowFactory' standardDeviationMircosecondsPerInvocation='1800' maxMicrosecondsPerInvocation='10874' invocations='102'></ClassProfile><ClassProfile avgMicrosecondsPerInvocation='920' totalMilliseconds='93' name='edu.umd.cs.findbugs.ba.npe.NullDerefAndRedundantComparisonFinder' standardDeviationMircosecondsPerInvocation='1989' maxMicrosecondsPerInvocation='15146' invocations='102'></ClassProfile><ClassProfile avgMicrosecondsPerInvocation='827' totalMilliseconds='89' name='edu.umd.cs.findbugs.classfile.engine.bcel.ValueNumberDataflowFactory' standardDeviationMircosecondsPerInvocation='1596' maxMicrosecondsPerInvocation='13538' invocations='108'></ClassProfile><ClassProfile avgMicrosecondsPerInvocation='815' totalMilliseconds='83' name='edu.umd.cs.findbugs.classfile.engine.bcel.CFGFactory' standardDeviationMircosecondsPerInvocation='1934' maxMicrosecondsPerInvocation='14938' invocations='102'></ClassProfile><ClassProfile avgMicrosecondsPerInvocation='136' totalMilliseconds='81' name='edu.umd.cs.findbugs.util.TopologicalSort' standardDeviationMircosecondsPerInvocation='396' maxMicrosecondsPerInvocation='5173' invocations='602'></ClassProfile><ClassProfile avgMicrosecondsPerInvocation='789' totalMilliseconds='81' name='edu.umd.cs.findbugs.classfile.engine.bcel.JavaClassAnalysisEngine' standardDeviationMircosecondsPerInvocation='2689' maxMicrosecondsPerInvocation='22840' invocations='103'></ClassProfile><ClassProfile avgMicrosecondsPerInvocation='1206' totalMilliseconds='79' name='edu.umd.cs.findbugs.detect.NoteDirectlyRelevantTypeQualifiers' standardDeviationMircosecondsPerInvocation='2489' maxMicrosecondsPerInvocation='12340' invocations='66'></ClassProfile><ClassProfile avgMicrosecondsPerInvocation='736' totalMilliseconds='75' name='edu.umd.cs.findbugs.classfile.engine.bcel.UnconditionalValueDerefDataflowFactory' standardDeviationMircosecondsPerInvocation='1185' maxMicrosecondsPerInvocation='6974' invocations='102'></ClassProfile><ClassProfile avgMicrosecondsPerInvocation='723' totalMilliseconds='73' name='edu.umd.cs.findbugs.classfile.engine.bcel.MethodGenFactory' standardDeviationMircosecondsPerInvocation='4081' maxMicrosecondsPerInvocation='40697' invocations='102'></ClassProfile><ClassProfile avgMicrosecondsPerInvocation='926' totalMilliseconds='61' name='edu.umd.cs.findbugs.detect.BuildObligationPolicyDatabase' standardDeviationMircosecondsPerInvocation='1764' maxMicrosecondsPerInvocation='9218' invocations='66'></ClassProfile><ClassProfile avgMicrosecondsPerInvocation='883' totalMilliseconds='58' name='edu.umd.cs.findbugs.detect.FunctionsThatMightBeMistakenForProcedures' standardDeviationMircosecondsPerInvocation='1820' maxMicrosecondsPerInvocation='8949' invocations='66'></ClassProfile><ClassProfile avgMicrosecondsPerInvocation='875' totalMilliseconds='57' name='edu.umd.cs.findbugs.detect.OverridingEqualsNotSymmetrical' standardDeviationMircosecondsPerInvocation='3125' maxMicrosecondsPerInvocation='23391' invocations='66'></ClassProfile><ClassProfile avgMicrosecondsPerInvocation='891' totalMilliseconds='50' name='edu.umd.cs.findbugs.detect.FindRefComparison$SpecialTypeAnalysis' standardDeviationMircosecondsPerInvocation='1518' maxMicrosecondsPerInvocation='9491' invocations='57'></ClassProfile><ClassProfile avgMicrosecondsPerInvocation='726' totalMilliseconds='47' name='edu.umd.cs.findbugs.detect.CalledMethods' standardDeviationMircosecondsPerInvocation='1650' maxMicrosecondsPerInvocation='11837' invocations='66'></ClassProfile><ClassProfile avgMicrosecondsPerInvocation='645' totalMilliseconds='42' name='edu.umd.cs.findbugs.detect.BuildStringPassthruGraph' standardDeviationMircosecondsPerInvocation='1692' maxMicrosecondsPerInvocation='12057' invocations='66'></ClassProfile><ClassProfile avgMicrosecondsPerInvocation='3456' totalMilliseconds='41' name='edu.umd.cs.findbugs.detect.FindReturnRef' standardDeviationMircosecondsPerInvocation='10704' maxMicrosecondsPerInvocation='38956' invocations='12'></ClassProfile><ClassProfile avgMicrosecondsPerInvocation='790' totalMilliseconds='41' name='edu.umd.cs.findbugs.ba.obl.ObligationAnalysis' standardDeviationMircosecondsPerInvocation='2101' maxMicrosecondsPerInvocation='14954' invocations='52'></ClassProfile></FindBugsProfile></FindBugsSummary><ClassFeatures></ClassFeatures><History></History></BugCollection>